time_ms,page_progress,page_velocity,spring_progress,spring_velocity
0.0,0.0,18.115941683451336,0.0,0.0
3.3333333333333335,0.05988121032714844,17.803422609965008,0.0008578982855413919,0.5089784606338323
6.666666666666667,0.11862659454345703,17.43412812550863,0.0033555713284320055,0.9840991921039972
10.0,0.1760416030883789,17.005125681559246,0.007382484040406423,1.4267507860954698
13.333333333333334,0.23192596435546875,16.514905293782554,0.01283267179168035,1.8382869151089443
16.666666666666668,0.2860736846923828,15.963796774546307,0.01960462394040996,2.2200262990960216
20.0,0.3382854461669922,15.354291598002117,0.027601167354533995,2.573252733566206
23.333333333333336,0.38837623596191406,14.691253503163656,0.036729350124133586,2.899215175133195
26.666666666666668,0.4361763000488281,13.981886704762777,0.04690032564928348,3.199127880631842
30.0,0.48154735565185547,13.2354736328125,0.05802923727573894,3.4741705960970553
33.333333333333336,0.524383544921875,12.462870279947918,0.07003510363869792,3.725488792051732
36.666666666666664,0.5646171569824219,11.67582670847575,0.08284070486329476,3.9541939417025107
40.0,0.6022195816040039,10.88623603185018,0.09637246975938718,4.161363838789845
43.333333333333336,0.637202262878418,10.105367501576742,0.1105603641375944,4.348042951982494
46.66666666666667,0.669611930847168,9.343266487121582,0.12533778036341348,4.515242812846129
50.0,0.6995210647583008,8.608472347259521,0.140641428256566,4.663942434551297
53.333333333333336,0.7270374298095703,7.9073985417683925,0.156411227433497,4.795088758617652
56.666666666666664,0.7522792816162109,7.244773705800375,0.1725902011821553,4.909597127118922
60.0,0.7753820419311523,6.623502572377523,0.18912437194980214,5.008351777896917
63.333333333333336,0.7964839935302734,6.0449520746866865,0.2059626585166262,5.092206360452742
66.66666666666667,0.8157291412353516,5.509241422017416,0.22305677492036535,5.161984470299419
70.0,0.8332586288452148,5.015496412913005,0.2403611311899364,5.218480199672488
73.33333333333333,0.8492107391357422,4.562131563822429,0.25783273593924383,5.262458702603698
76.66666666666666,0.8637151718139648,4.147072633107504,0.275431100865868,5.294656772467926
80.0,0.8768978118896484,3.7679553031921387,0.29311814719319884,5.31578343021467
83.33333333333333,0.8888721466064453,3.4222523371378584,0.3108581140887894,5.326520521593444
86.66666666666667,0.8997468948364258,3.107420603434245,0.3286174690862189,5.327523321776601
90.0,0.9096202850341797,2.8209408124287925,0.34636482053259177,5.319421145874116
93.33333333333334,0.9185819625854492,2.56040096282959,0.3640708320789239,5.302817963922468
96.66666666666667,0.9267158508300781,2.3235201835632324,0.38170813922608626,5.278293019013993
100.0,0.9340963363647461,2.108164628346761,0.39925126793466215,5.246401447314331
103.33333333333333,0.9407920837402344,1.912363370259603,0.41667655530303516,5.207674898793449
106.66666666666667,0.9468650817871094,1.7343123753865561,0.43396207231423256,5.162622157570714
110.0,0.9523725509643555,1.5723506609598796,0.45108754864850387,5.111729760846421
113.33333333333333,0.9573640823364258,1.4249801635742188,0.4680342995553104,5.055462615461162
116.66666666666667,0.9618864059448242,1.2908379236857097,0.4847851547753088,4.994264611190612
120.0,0.9659824371337891,1.1686921119689941,0.50132438950005,4.928559229946687
123.33333333333334,0.9696903228759766,1.0574301083882651,0.517637657354451,4.858750150116723
126.66666666666667,0.9730434417724609,0.9560505549112956,0.5337119253846323,4.785221845330375
130.0,0.9760732650756836,0.8636474609375,0.5495354110314421,4.708340176999468
133.33333333333334,0.9788103103637695,0.7794022560119629,0.5650975210678897,4.62845298002896
136.66666666666666,0.9812784194946289,0.7025877634684246,0.5803887924767985,4.545890641147898
140.0,0.9835014343261719,0.6325324376424154,0.5954008352432201,4.460966669357384
143.33333333333334,0.9855012893676758,0.5686442057291667,0.6101262770345639,4.37397825803863
146.66666666666666,0.9872989654541016,0.5103786786397299,0.6245587097399423,4.285206838307895
150.0,0.9889097213745117,0.45725901921590173,0.6386926378389197,4.194918623246776
153.33333333333331,0.9903526306152344,0.40883223215738934,0.6525234285686894,4.103365142675883
156.66666666666669,0.9916400909423828,0.36470890045166016,0.6660472638576546,4.010783768177457
160.0,0.9927883148193359,0.32452742258707684,0.6792610939924681,3.9173982281082016
163.33333333333334,0.9938077926635742,0.2879579861958822,0.6921625929847828,3.823419112377252
166.66666666666666,0.9947109222412109,0.25470654169718426,0.7047501156032631,3.7290443667962654
170.0,0.995509147644043,0.2244989077250163,0.7170226560358215,3.634459776838759
173.33333333333334,0.996211051940918,0.1970966657002767,0.7289798081465435,3.539839440674351
176.66666666666666,0.996826171875,0.17227729161580405,0.7406217272913662,3.445346231370513
180.0,0.9973621368408203,0.14983018239339194,0.7519490936562574,3.3511322481797423
183.33333333333331,0.9978275299072266,0.1295765240987142,0.7629630770814101,3.2573392568539132
186.66666666666669,0.9982280731201172,0.11134545008341472,0.7736653033348115,3.164099118949979
190.0,0.9985713958740234,0.09498198827107748,0.7840578217984591,3.0715342101121808
193.33333333333334,0.9988632202148438,0.08034308751424155,0.794143074530482,2.9797578273355843
196.66666666666666,0.9991092681884766,0.06730159123738608,0.8039238666664749,2.888874585234169
200.0,0.9993133544921875,0.05573829015096029,0.8134033381234506,2.7989808013538333
203.33333333333334,0.9994821548461914,0.04554192225138347,0.8225849365699887,2.7101648705866497
206.66666666666666,0.9996185302734375,0.03661314646402995,0.8314723916263651,2.622507628757541
210.0,0.9997272491455078,0.028864542643229168,0.8400696902587045,2.5360827054683455
213.33333333333334,0.999812126159668,0.022204717000325523,0.8483810533315117,2.4509568662968912
216.66666666666669,0.9998769760131836,0.016558170318603516,0.8564109132832741,2.3671903444605067
220.0,0.9999237060546875,0.011853377024332683,0.8641638928902166,2.284837162064119
223.33333333333331,0.9999570846557617,0.008026758829752605,0.8716447850837016,2.2039454410630297
226.66666666666666,0.9999780654907227,0.0050067901611328125,0.8788585337872243,2.124557704079418
230.0,0.9999914169311523,0.002749760945638021,0.8858102157394204,2.0467111652198877
233.33333333333334,0.9999971389770508,0.0011920928955078125,0.8925050232700151,1.9704380110487347
236.66666666666666,1.0,0.00029007593790690106,0.898948247996167,1.8957656718783278
240.0,1.0,0.0,0.9051452654072053,1.822717083543942
243.33333333333334,1.0,0.0,0.9111015203063302,1.7513109398357045
246.66666666666669,1.0,0.0,0.9168225130784275,1.6815619357649407
250.0,1.0,0.0,0.9223137867537465,1.6134810018462977
253.33333333333334,1.0,0.0,0.9275809148378001,1.5470755295805072
256.66666666666663,1.0,0.0,0.9326294898784698,1.4823495883255722
260.0,1.0,0.0,0.9374651127419259,1.41930413374663
263.3333333333333,1.0,0.0,0.9420933825696112,1.3579372080366907
266.6666666666667,1.0,0.0,0.9465198873891811,1.2982441321019476
270.0,1.0,0.0,0.9507501953529403,1.240217689906443
273.3333333333333,1.0,0.0,0.954789846577963,1.1838483051715556
276.6666666666667,1.0,0.0,0.9586443455627446,1.1291242106260444
280.0,1.0,0.0,0.9623191541558735,1.0760316100024085
283.3333333333333,1.0,0.0,0.9658196850528744,1.0245548329748426
286.6666666666667,1.0,0.0,0.9691512957980167,0.9746764832334678
290.0,1.0,0.0,0.9723192832685345,0.9263775798885153
293.3333333333333,1.0,0.0,0.9753288786193434,0.8796376923968815
296.6666666666667,1.0,0.0,0.9781852426669829,0.8344350692020334
300.0,1.0,0.0,0.9808934616921434,0.7907467602764938
303.33333333333337,1.0,0.0,0.9834585436407659,0.748548733754239
306.66666666666663,1.0,0.0,0.9858854147043241,0.7078159868382196
310.0,1.0,0.0,0.9881789162605116,0.668522651165908
313.33333333333337,1.0,0.0,0.9903438021561612,0.6306420928133599
316.66666666666663,1.0,0.0,0.9923847363148228,0.5941470071156323
320.0,1.0,0.0,0.9943062906520144,0.5590095084786922
323.3333333333333,1.0,0.0,0.9961129432817367,0.5252012153551042
326.6666666666667,1.0,0.0,0.9978090769984173,0.4926933305527897
330.0,1.0,0.0,0.9993989780190016,0.46145671704313485
333.3333333333333,1.0,0.0,1.0008868349704654,0.431461969431549
336.6666666666667,1.0,0.0,1.0022767381085547,0.4026794812503862
340.0,1.0,0.0,1.0035726787540904,0.37507950823085245
343.3333333333333,1.0,0.0,1.0047785489336922,0.3486322277071959
346.6666666666667,1.0,0.0,1.005898141212278,0.32330779430309664
350.0,1.0,0.0,1.0069351487051925,0.29907639204678005
353.3333333333333,1.0,0.0,1.0078931652582994,0.27590828305791143
356.6666666666667,1.0,0.0,1.0087756857848456,0.25377385294590404
360.0,1.0,0.0,1.0095861067483591,0.2326436530557773
363.3333333333333,1.0,0.0,1.0103277267813,0.21248843969423414
366.66666666666663,1.0,0.0,1.0110037474296094,0.1932792104651633
370.0,1.0,0.0,1.0116172740137357,0.17498723784027392
373.33333333333337,1.0,0.0,1.012171316597125,0.15758410008714124
376.66666666666663,1.0,0.0,1.0126687910535652,0.14104170967348045
380.0,1.0,0.0,1.013112520225168,0.12533233926305168
383.33333333333337,1.0,0.0,1.013505235163142,0.11042864541521197
386.6666666666667,1.0,0.0,1.013849576443892,0.0963036900967506
390.0,1.0,0.0,1.0141480955533233,0.08293096011132761
393.3333333333333,1.0,0.0,1.0144032563325829,0.07028438454853608
396.6666666666667,1.0,0.0,1.0146174364787999,0.05833835035135193
400.0,1.0,0.0,1.0147929290947173,0.04706771609753643
403.3333333333333,1.0,0.0,1.0149319442814102,0.03644782408737768
406.6666666666667,1.0,0.0,1.0150366107686017,0.026454510827055494
410.0,1.0,0.0,1.0151089775773667,0.017064115993842943
413.3333333333333,1.0,0.0,1.0151510157103067,0.00825348996634187
416.6666666666667,1.0,0.0,1.0151646198645465,1.6653345369377348e-16
420.0,1.0,0.0,1.015151610163164,-0.007718464874753916
423.3333333333333,1.0,0.0,1.0151137339009224,-0.014923490157264213
426.6666666666667,1.0,0.0,1.0150526673004177,-0.02163613331258052
430.0,1.0,0.0,1.0149700172749792,-0.027876922269596816
433.33333333333337,1.0,0.0,1.0148673231949028,-0.033665854915087126
436.66666666666663,1.0,0.0,1.0147460586537973,-0.03902239951993666
440.0,1.0,0.0,1.0146076332320422,-0.04396549603641951
443.33333333333337,1.0,0.0,1.0144533942545517,-0.04851355820785426
446.66666666666663,1.0,0.0,1.0142846285402305,-0.05268447643439683
450.0,1.0,0.0,1.0141025641406916,-0.05649562134109315
453.3333333333333,1.0,0.0,1.0139083720659836,-0.05996384799661146
456.6666666666667,1.0,0.0,1.013703167995238,-0.06310550073331808
460.0,1.0,0.0,1.0134880139703142,-0.06593641852153528
463.3333333333333,1.0,0.0,1.0132639200706695,-0.06847194085293735
466.6666666666667,1.0,0.0,1.013031846067829,-0.07072691409009813
470.0,1.0,0.0,1.0127927030579704,-0.072715698241197
473.3333333333333,1.0,0.0,1.0125473550712736,-0.07445217412082827
476.6666666666667,1.0,0.0,1.0122966206568067,-0.0759497508597326
480.0,1.0,0.0,1.0120412744418505,-0.07722137372809194
483.3333333333333,1.0,0.0,1.0117820486646676,-0.07827953223878344
486.6666666666667,1.0,0.0,1.0115196346798387,-0.07913626849869622
490.0,1.0,0.0,1.011254684435392,-0.07980318577785989
493.33333333333337,1.0,0.0,1.010987811921042,-0.08029145726772305
496.66666666666663,1.0,0.0,1.0107195945869616,-0.08061183500146082
500.0,1.0,0.0,1.0104505747325803,-0.0807746589106708
503.3333333333333,1.0,0.0,1.0101812608650047,-0.0807898659942485
506.6666666666667,1.0,0.0,1.009912129026718,-0.08066699957661166
510.0,1.0,0.0,1.0096436240923006,-0.080415218633773
513.3333333333333,1.0,0.0,1.0093761610339795,-0.08004330716703704
516.6666666666667,1.0,0.0,1.0091101261558793,-0.07955968360532874
520.0,1.0,0.0,1.0088458782969074,-0.07897241021834366
523.3333333333334,1.0,0.0,1.0085837500022703,-0.07828920252384508
526.6666666666666,1.0,0.0,1.0083240486636618,-0.07751743867352548
530.0,1.0,0.0,1.008067057628221,-0.07666416880289488
533.3333333333334,1.0,0.0,1.0078130372764036,-0.0757361243316631
536.6666666666666,1.0,0.0,1.0075622260689525,-0.0747397272020439
540.0,1.0,0.0,1.0073148415631918,-0.07368109904332859
543.3333333333334,1.0,0.0,1.0070710813989134,-0.07256607025195917
546.6666666666666,1.0,0.0,1.0068311242541474,-0.07140018897716885
550.0,1.0,0.0,1.0065951307711545,-0.07018873000306688
553.3333333333334,1.0,0.0,1.0063632444529926,-0.06893670351880771
556.6666666666666,1.0,0.0,1.0061355925310496,-0.06764886376921712
560.0,1.0,0.0,1.0059122868039463,-0.06632971757894736
563.3333333333334,1.0,0.0,1.0056934244482487,-0.06498353274389465
566.6666666666666,1.0,0.0,1.0054790888014349,-0.0636143462842444
570.0,1.0,0.0,1.0052693501175918,-0.06222597255411064
573.3333333333334,1.0,0.0,1.0050642662963238,-0.0608220112033048
576.6666666666666,1.0,0.0,1.0048638835853747,-0.05940585498730915
580.0,1.0,0.0,1.0046682372574736,-0.05798069742204308
583.3333333333334,1.0,0.0,1.004477352261928,-0.05654954028049411
586.6666666666666,1.0,0.0,1.0042912438514957,-0.055115200928744536
590.0,1.0,0.0,1.0041099181850741,-0.053680319499355686
593.3333333333334,1.0,0.0,1.0039333729067492,-0.05224736590048193
596.6666666666666,1.0,0.0,1.003761597701759,-0.05081864665946913
600.0,1.0,0.0,1.0035945748299222,-0.049396311600054234
603.3333333333334,1.0,0.0,1.0034322796370851,-0.047982360352623155
606.6666666666667,1.0,0.0,1.0032746810451485,-0.04657864869730155
610.0,1.0,0.0,1.0031217420212295,-0.04518689473995135
613.3333333333333,1.0,0.0,1.002973420026513,-0.04380868492142584
616.6666666666667,1.0,0.0,1.0028296674453512,-0.04244547986069483
620.0,1.0,0.0,1.0026904319951606,-0.041098620032694606
623.3333333333333,1.0,0.0,1.0025556571176673,-0.03976933128198156
626.6666666666667,1.0,0.0,1.0024252823520459,-0.03845873017347826
630.0,1.0,0.0,1.0022992436904905,-0.03716782918179265
633.3333333333333,1.0,0.0,1.0021774739167566,-0.035897541720768644
636.6666666666667,1.0,0.0,1.0020599029281998,-0.03464868701509174
640.0,1.0,0.0,1.0019464580418378,-0.03342199481592126
643.3333333333333,1.0,0.0,1.0018370642849506,-0.03221810996265819
646.6666666666666,1.0,0.0,1.0017316446707263,-0.031037596793082788
650.0,1.0,0.0,1.0016301204594584,-0.029880943404207286
653.3333333333334,1.0,0.0,1.0015324114057846,-0.028748565766291565
656.6666666666666,1.0,0.0,1.0014384359924522,-0.027640811692558876
660.0,1.0,0.0,1.0013481116510907,-0.026557964667230254
663.3333333333334,1.0,0.0,1.0012613549704539,-0.02550024753456641
666.6666666666666,1.0,0.0,1.0011780818925955,-0.02446782605166689
670.0,1.0,0.0,1.001098207897423,-0.02346081230783047
673.3333333333334,1.0,0.0,1.0010216481760736,-0.022479268013324415
676.6666666666666,1.0,0.0,1.000948317793541,-0.021523207660447224
680.0,1.0,0.0,1.0008781318409736,-0.020592601559800104
683.3333333333334,1.0,0.0,1.0008110055780561,-0.019687378754704214
686.6666666666666,1.0,0.0,1.0007468545658758,-0.018807429816717333
690.0,1.0,0.0,1.000685594790663,-0.017952609525214387
693.3333333333334,1.0,0.0,1.0006271427787905,-0.01712273943400019
696.6666666666666,1.0,0.0,1.0005714157034007,-0.016317610327922585
700.0,1.0,0.0,1.0005183314830237,-0.015536984572447515
703.3333333333334,1.0,0.0,1.000467808872537,-0.014780598359148639
706.6666666666666,1.0,0.0,1.000419767546811,-0.01404816385004797
710.0,1.0,0.0,1.0003741281773697,-0.013339371223725681
713.3333333333334,1.0,0.0,1.0003308125023926,-0.01265389062609544
716.6666666666666,1.0,0.0,1.0002897433903661,-0.011991374028714764
720.0,1.0,0.0,1.0002508448976937,-0.011351456997470734
723.3333333333334,1.0,0.0,1.0002140423205546,-0.01073376037445049
726.6666666666666,1.0,0.0,1.0001792622412964,-0.01013789187576987
730.0,1.0,0.0,1.0001464325696388,-0.009563447608096716
733.3333333333333,1.0,0.0,1.000115482578954,-0.009010013506566628
736.6666666666667,1.0,0.0,1.0000863429378815,-0.008477166696746396
740.0,1.0,0.0,1.0000589457375244,-0.007964476783258024
743.3333333333333,1.0,0.0,1.0000332245144714,-0.007471507067630458
746.6666666666667,1.0,0.0,1.0000091142698722,-0.006997815697900774
750.0,1.0,0.0,0.9999865514847903,-0.006542956752438063
753.3333333333333,1.0,0.0,0.9999654741320526,-0.006106481260414926
756.6666666666667,1.0,0.0,0.9999458216847961,-0.0056879381613019545
760.0,1.0,0.0,0.9999275351219165,-0.00528687520570967
763.3333333333333,1.0,0.0,0.9999105569306084,-0.00490283979985149
766.6666666666667,1.0,0.0,0.9998948311061816,-0.004535379795849517
770.0,1.0,0.0,0.9998803031493299,-0.0041840442300529485
773.3333333333334,1.0,0.0,0.9998669200610221,-0.0038483840114859895
776.6666666666666,1.0,0.0,0.9998546303351802,-0.0035279525624903325
780.0,1.0,0.0,0.9998433839492967,-0.0032223064135736912
783.3333333333334,1.0,0.0,0.9998331323531445,-0.0029310057544238983
786.6666666666666,1.0,0.0,0.9998238284557194,-0.002653614942994766
790.0,1.0,0.0,0.9998154266105536,-0.002389702974518161
793.3333333333334,1.0,0.0,0.9998078825995294,-0.0021388439122440785
796.6666666666666,1.0,0.0,0.9998011536153192,-0.001900617281658573
800.0,1.0,0.0,0.9997951982425697,-0.0016746084298784989
